Deposit ID,Check Date,Bank Code,Bank Name,Account Number,Bank Currency,Sender's Name,Sender's Name(Alphabet),Currency,Deposit Amount,Remitting Bank,Remitting Bank Branch Name,LIFT.CHG.CUR1,LIFT.CHG.1,LIFT.CHG.CUR2,LIFT.CHG.2,REMIT.CHG.CUR,REMIT.CHG,Status,StatusChange Date,API,API Date and Time,Transfer Status,Transfer Date,Refund DateTimeStamp
1790,2016-07-21 09:45:06,0009,SMBC,9629988169,JPY,6004459 KAYOKO FUJISHIGE,6004459 KAYOKO FUJISHIGE,JPY,"20,000",クマモト,タクマ,,,,,,,Processing,,Not Sent,,,,,2016-07-21 09:50:02
1791,2016-07-21 10:24:32,0009,SMBC,9629988169,JPY,6004562 KOICHI FUKE,6004562 KOICHI FUKE,JPY,"1,229,472",ラクテン,ロツク,,,,,,,Processing,,Not Sent,,,,,2016-07-21 10:25:02
1785,2016-07-21 08:38:39,0009,SMBC,9629988169,JPY,6004155 SHINJI ABE,6004155 SHINJI ABE,JPY,"30,000",ミス゛ホ,エイテイ-エムトウカツ,,,,,,,Processing,,Not Sent,,,,,2016-07-21 09:05:02
1792,2016-07-21 14:29:37,0009,SMBC,9629988169,JPY,6003555 KATSUHIKO IMAMURA,6003555 KATSUHIKO IMAMURA,JPY,"120,000",ミス゛ホ,エイテイ-エムトウカツ,,,,,,,Processing,,Not Sent,,,,,2016-07-21 14:30:03
1793,2016-07-21 14:37:55,0009,SMBC,9629988169,JPY,6004578 YOSHIHIRO UCHI,6004578 YOSHIHIRO UCHI,JPY,"200,000",シ゛ヤハ゜ンネツト,ハヤフ゛サ,,,,,,,Processing,,Not Sent,,,,,2016-07-21 14:40:02
1788,2016-07-21 09:22:15,0009,SMBC,9629988169,JPY,6000819 YU YOKOTA,6000819 YU YOKOTA,JPY,"100,000",ミツヒ゛シトウキヨウユ-エフシ,タ゛イレクトコウホウ,,,,,,,Processing,,Not Sent,,,,,2016-07-21 09:25:03
1789,2016-07-21 09:38:51,0009,SMBC,9629988169,JPY,6002628 KYOWA PROSPER LCC,6002628 KYOWA PROSPER LCC,JPY,"30,000",クマモト,タクマ,,,,,,,Processing,,Not Sent,,,,,2016-07-21 09:40:02
1786,2016-07-21 08:42:50,0009,SMBC,9629988169,JPY,6004462 JUN FURUTA,6004462 JUN FURUTA,JPY,"200,000",16,ナコ゛ヤエキマエ,,,,,,,Processing,,Not Sent,,,,,2016-07-21 09:05:02
1787,2016-07-21 09:05:40,0009,SMBC,9629988169,JPY,6004537 SO TAKAHASHI,6004537 SO TAKAHASHI,JPY,"300,000",ミツイスミトモ,タ゛イレクトトウキヨウイチ,,,,,,,Processing,,Not Sent,,,,,2016-07-21 09:10:02
1784,2016-07-21 08:36:34,0009,SMBC,9629988169,JPY,6004555 TATSUO SUGIURA,6004555 TATSUO SUGIURA,JPY,"300,000",スミシンSBIネツト,ホンテン,,,,,,,Processing,,Not Sent,,,,,2016-07-21 09:05:02
1774,2016-07-20 09:11:51,0009,SMBC,9629988169,JPY,6004156 TETSUYA MATSUMOTO,6004156 TETSUYA MATSUMOTO,JPY,"200,000",ミス゛ホ,エイテイ-エムトウカツ,,,,,,,Processing,,Not Sent,,,,,2016-07-20 09:15:02
1779,2016-07-20 10:30:55,0009,SMBC,9629988169,JPY,6002507 MASANORI TANAKA,6002507 MASANORI TANAKA,JPY,"50,000",ホツコク,モリノサト,,,,,,,Processing,,Not Sent,,,,,2016-07-20 10:35:02
1777,2016-07-20 09:40:59,0009,SMBC,9629988169,JPY,カミサキ タ゛イキ,kamisaki daiki,JPY,"15,000",ユウチヨ,フクオカタ゛イコ゛カワセセンタ,,,,,,,Processing,,Not Sent,,,,,2016-07-20 09:45:03
1775,2016-07-20 09:11:51,0009,SMBC,9629988169,JPY,6004155 SHINJI ABE,6004155 SHINJI ABE,JPY,"200,000",ミス゛ホ,エイテイ-エムトウカツ,,,,,,,Processing,,Not Sent,,,,,2016-07-20 09:15:02
1778,2016-07-20 10:24:39,0009,SMBC,9629988169,JPY,6002989SHINGOYAMAZAKI,6002989SHINGOYAMAZAKI,JPY,"50,000",ラクテン,ワルツ,,,,,,,Processing,,Not Sent,,,,,2016-07-20 10:25:03
1776,2016-07-20 09:32:42,0009,SMBC,9629988169,JPY,6004538KEIJI ONISHI,6004538KEIJI ONISHI,JPY,"300,000",スミシンSBIネツト,ホンテン,,,,,,,Processing,,Not Sent,,,,,2016-07-20 09:35:02
1783,2016-07-21 08:13:46,0009,SMBC,9629988169,JPY,6004568 タマイ ユウシ゛,6004568 tamai yuuji,JPY,"300,000",ミツイスミトモ,タ゛イレクトトウキヨウイチ,,,,,,,Processing,,Not Sent,,,,,2016-07-21 09:05:02
1781,2016-07-20 12:16:47,0009,SMBC,9629988169,JPY,6001448 KAORI KOBAYASHI,6001448 KAORI KOBAYASHI,JPY,"200,000",ミツイスミトモ,タ゛イレクトトウキヨウイチ,,,,,,,Processing,,Not Sent,,,,,2016-07-20 12:20:03
1780,2016-07-20 10:39:12,0009,SMBC,9629988169,JPY,6004526 KEIGO HAZAMA,6004526 KEIGO HAZAMA,JPY,"1,000,000",ミツイスミトモ,タ゛イレクトトウキヨウイチ,,,,,,,Processing,,Not Sent,,,,,2016-07-20 10:40:02
1768,2016-07-20 08:13:42,0009,SMBC,9629988169,JPY,6001336 TARO SAEKI,6001336 TARO SAEKI,JPY,"70,000",ミツイスミトモ,タ゛イレクトトウキヨウニ,,,,,,,Processing,,Not Sent,,,,,2016-07-20 09:05:02
1766,2016-07-19 16:48:36,0009,SMBC,9629988169,JPY,6004537 SO TAKAHASHI,6004537 SO TAKAHASHI,JPY,"200,000",ミツイスミトモ,タ゛イレクトトウキヨウイチ,,,,,,,Processing,,Not Sent,,,,,2016-07-19 16:50:02
1765,2016-07-19 14:52:26,0009,SMBC,9629988169,JPY,6004536 JULIA CHEN,6004536 JULIA CHEN,JPY,"300,000",ミツイスミトモ,タ゛イレクトトウキヨウニ,,,,,,,Processing,,Not Sent,,,,,2016-07-19 14:55:03
1770,2016-07-20 08:47:01,0009,SMBC,9629988169,JPY,6004462 JUN FURUTA,6004462 JUN FURUTA,JPY,"50,000",16,ナコ゛ヤエキマエ,,,,,,,Processing,,Not Sent,,,,,2016-07-20 09:05:02
1767,2016-07-20 08:13:42,0009,SMBC,9629988169,JPY,6000869 SHINICHIRO MITSUGI,6000869 SHINICHIRO MITSUGI,JPY,"235,000",ミツイスミトモ,タ゛イレクトトウキヨウニ,,,,,,,Processing,,Not Sent,,,,,2016-07-20 09:05:02
1769,2016-07-20 08:34:28,0009,SMBC,9629988169,JPY,マツモト アキト,matsumoto akito,JPY,"300,000",ラクテン,サンハ゛,,,,,,,Processing,,Not Sent,,,,,2016-07-20 09:05:02
1782,2016-07-20 12:51:58,0009,SMBC,9629988169,JPY,6003068 TERUHISA FUJII,6003068 TERUHISA FUJII,JPY,"500,000",ニシニツホ゜ンシテイ,イシ゛リ,,,,,,,Processing,,Not Sent,,,,,2016-07-20 12:55:02
1764,2016-07-19 13:39:44,0009,SMBC,9629988169,JPY,6002673 YOSHINORI KOSAKA,6002673 YOSHINORI KOSAKA,JPY,"400,000",サイタマリソナ,シマネオヘ゜レ-シヨンセンタ-,,,,,,,Processing,,Not Sent,,,,,2016-07-19 13:40:02
1771,2016-07-20 08:49:01,0009,SMBC,9629988169,JPY,TOJU KIKUTSUGI 6004541,TOJU KIKUTSUGI 6004541,JPY,"1,000,000",シ゛ヤハ゜ンネツト,ホンテン,,,,,,,Processing,,Not Sent,,,,,2016-07-20 09:05:02
1772,2016-07-20 08:55:17,0009,SMBC,9629988169,JPY,6004543 HIROKI ISHII,6004543 HIROKI ISHII,JPY,"300,000",スミシンSBIネツト,ホンテン,,,,,,,Processing,,Not Sent,,,,,2016-07-20 09:05:02
1754,2016-07-19 08:53:12,0009,SMBC,9629988169,JPY,フシ゛シケ゛ カヨコ,fujishige kayoko,JPY,"20,000",ユウチヨ,フクオカタ゛イロクカワセセンタ,,,,,,,Processing,,Not Sent,,,,,2016-07-19 09:05:03
1755,2016-07-19 09:07:43,0009,SMBC,9629988169,JPY,6002507 MASANORI TANAKA,6002507 MASANORI TANAKA,JPY,"55,000",ホツコク,モリノサト,,,,,,,Processing,,Not Sent,,,,,2016-07-19 09:10:03
1756,2016-07-19 09:20:10,0009,SMBC,9629988169,JPY,6003731 HARUKI KUBOTA,6003731 HARUKI KUBOTA,JPY,"200,000",ミツイスミトモ,タ゛イレクトトウキヨウイチ,,,,,,,Processing,,Not Sent,,,,,2016-07-19 09:25:03
1757,2016-07-19 09:24:19,0009,SMBC,9629988169,JPY,6002145 YASUKO OWADA,6002145 YASUKO OWADA,JPY,"100,000",ユウチヨ,ナカ゛ノタ゛イニカワセセンタ,,,,,,,Processing,,Not Sent,,,,,2016-07-19 09:25:03
1758,2016-07-19 09:49:13,0009,SMBC,9629988169,JPY,チヨウ トミコ,chiyou tomiko,JPY,"21,000",フクオカ,フクオカリユウツウセンタ-,,,,,,,Processing,,Not Sent,,,,,2016-07-19 09:50:02
1760,2016-07-19 10:26:37,0009,SMBC,9629988169,JPY,6000647KENJIENOKIDA,6000647KENJIENOKIDA,JPY,"400,000",ミス゛ホ,ヨコハマタ゛イレクトセンタ-,,,,,,,Processing,,Not Sent,,,,,2016-07-19 10:30:02
1762,2016-07-19 11:01:54,0009,SMBC,9629988169,JPY,6000816 YU YOKOTA,6000816 YU YOKOTA,JPY,"100,000",ミツヒ゛シトウキヨウユ-エフシ,タ゛イレクトコウホウ,,,,,,,Processing,,Not Sent,,,,,2016-07-19 11:05:03
1773,2016-07-20 08:55:17,0009,SMBC,9629988169,JPY,6004542YUJI UEDA,6004542YUJI UEDA,JPY,"300,000",モミシ゛,シヨウワマチ,,,,,,,Processing,,Not Sent,,,,,2016-07-20 09:05:03
1761,2016-07-19 10:30:45,0009,SMBC,9629988169,JPY,6002693 YOSUKE EBIHARA,6002693 YOSUKE EBIHARA,JPY,"40,000",シ゛ヤハ゜ンネツト,ハヤフ゛サ,,,,,,,Processing,,Not Sent,,,,,2016-07-19 10:35:02
1759,2016-07-19 09:53:24,0009,SMBC,9629988169,JPY,6002628 KYOWA PROSPER LCC.,6002628 KYOWA PROSPER LCC.,JPY,"50,000",クマモト,タクマ,,,,,,,Processing,,Not Sent,,,,,2016-07-19 09:55:02
1763,2016-07-19 12:12:27,0009,SMBC,9629988169,JPY,6003923HIDENORIKIKUCHI,6003923HIDENORIKIKUCHI,JPY,"240,000",ミツイスミトモ,タ゛イレクトトウキヨウニ,,,,,,,Processing,,Not Sent,,,,,2016-07-19 12:15:02
